participant_id	species	sex
sub-1214579789	http://purl.obolibrary.org/obo/NCBITaxon_9545	M
sub-1216132605	http://purl.obolibrary.org/obo/NCBITaxon_9545	F
sub-1223010848	http://purl.obolibrary.org/obo/NCBITaxon_9545	M
sub-1229448755	http://purl.obolibrary.org/obo/NCBITaxon_9545	F
sub-1244263408	http://purl.obolibrary.org/obo/NCBITaxon_9545	F
sub-1246007072	http://purl.obolibrary.org/obo/NCBITaxon_9545	F
sub-1253938349	http://purl.obolibrary.org/obo/NCBITaxon_9545	F
sub-1256313642	http://purl.obolibrary.org/obo/NCBITaxon_9545	F
sub-1257702203	http://purl.obolibrary.org/obo/NCBITaxon_9545	F
